name,rank,sex_whattoexpectcom
Aaliyah,70,female
Aarav,638,male
Aaron,61,male
Aayan,996,male
Abby,504,female
Abdiel,501,male
Abdullah,733,male
Abel,157,male
Abigail,11,female
Abraham,191,male
Abram,477,male
Ace,224,male
Ada,209,female
Adalee,911,female
Adaline,282,female
Adalyn,160,female
Adalynn,123,female
Adam,90,male
Adan,444,male
Addilyn,510,female
Addilynn,876,female
Addison,47,female
Addisyn,896,female
Addyson,806,female
Adelaide,305,female
Adele,763,female
Adelina,526,female
Adeline,91,female
Adelyn,245,female
Adelynn,322,female
Aden,614,male
Adley,674,female
Adonis,242,male
Adrian,56,male
Adriana,250,female
Adrianna,519,female
Adriel,185,male
Adrien,859,male
Ahmad,602,male
Ahmed,596,male
Ahmir,991,male
Aidan,243,male
Aiden,20,male
Aila,968,female
Ailani,682,female
Aileen,641,female
Ainhoa,757,female
Ainsley,475,female
Aisha,528,female
Aitana,576,female
Alaia,183,female
Alaina,186,female
Alaiya,779,female
Alan,181,male
Alana,232,female
Alani,303,female
Alanna,529,female
Alannah,988,female
Alaric,878,male
Alaya,392,female
Alayah,351,female
Alayna,219,female
Albert,474,male
Alberto,635,male
Alden,625,male
Aldo,759,male
Aleah,540,female
Alec,544,male
Aleena,608,female
Alejandra,516,female
Alejandro,199,male
Alena,736,female
Alessandra,318,female
Alessandro,608,male
Alessia,507,female
Alex,166,male
Alexa,139,female
Alexander,11,male
Alexandra,130,female
Alexandria,299,female
Alexia,632,female
Alexis,450,male
Alexis,236,female
Alexzander,886,male
Alfonso,941,male
Alfred,800,male
Alfredo,645,male
Ali,314,male
Alia,547,female
Aliana,709,female
Alianna,827,female
Alice,73,female
Alicia,419,female
Alijah,481,male
Alina,156,female
Alison,413,female
Alisson,852,female
Alistair,967,male
Alivia,255,female
Aliya,885,female
Aliyah,173,female
Aliza,680,female
Allan,814,male
Allen,436,male
Allie,363,female
Allison,77,female
Allyson,628,female
Alma,616,female
Alondra,509,female
Alonso,749,male
Alonzo,466,male
Alora,718,female
Alvaro,817,male
Alvin,665,male
Alyson,945,female
Alyssa,171,female
Amaia,764,female
Amalia,605,female
Amanda,405,female
Amani,707,female
Amara,140,female
Amari,238,male
Amari,310,female
Amaris,817,female
Amaya,133,female
Amayah,772,female
Amber,482,female
Ambrose,955,male
Ameer,876,male
Amelia,7,female
Amelie,753,female
Amias,819,male
Amina,323,female
Amir,131,male
Amira,281,female
Amirah,611,female
Amiya,849,female
Amiyah,297,female
Amora,353,female
Amos,673,male
Amoura,979,female
Amy,203,female
Ana,224,female
Anahi,643,female
Anais,861,female
Anakin,956,male
Analia,843,female
Anastasia,150,female
Anaya,397,female
Anders,916,male
Anderson,317,male
Andi,813,female
Andre,293,male
Andrea,142,female
Andres,220,male
Andrew,46,male
Andy,376,male
Angel,72,male
Angel,395,female
Angela,256,female
Angelica,592,female
Angelina,288,female
Angelo,318,male
Angie,702,female
Anika,691,female
Aniya,777,female
Aniyah,290,female
Ann,981,female
Anna,63,female
Annabella,655,female
Annabelle,170,female
Annalise,457,female
Anne,569,female
Annie,298,female
Annika,802,female
Ansley,965,female
Anson,980,male
Anthony,38,male
Antonella,542,female
Antonio,170,male
Anya,658,female
Apollo,487,male
April,493,female
Arabella,197,female
Archer,207,male
Archie,672,male
Arden,952,female
Ares,568,male
Ari,372,male
Ari,601,female
Aria,20,female
Ariadne,999,female
Ariah,365,female
Arian,909,male
Ariana,69,female
Arianna,116,female
Ariel,549,male
Ariel,172,female
Ariella,216,female
Arielle,330,female
Aries,930,male
Ariya,517,female
Ariyah,349,female
Arjun,497,male
Arlette,964,female
Arlo,271,male
Armando,516,male
Armani,428,male
Armani,589,female
Aron,763,male
Arthur,178,male
Arturo,604,male
Arya,92,female
Aryan,715,male
Asa,510,male
Asher,43,male
Ashley,136,female
Ashlyn,588,female
Ashlynn,621,female
Ashton,125,male
Aspen,253,female
Astrid,518,female
Athena,105,female
Atlas,226,male
Atreus,788,male
Atticus,309,male
Aubree,122,female
Aubrey,45,female
Aubrie,625,female
Aubriella,953,female
Aubrielle,908,female
Audrey,49,female
August,167,male
August,844,female
Augustine,731,male
Augustus,467,male
Aurelia,644,female
Aurora,40,female
Austin,88,male
Austyn,989,female
Autumn,82,female
Ava,3,female
Avah,656,female
Avalynn,903,female
Averi,766,female
Averie,476,female
Avery,204,male
Avery,18,female
Aviana,543,female
Avianna,465,female
Axel,83,male
Axl,679,male
Axton,620,male
Aya,731,female
Ayaan,512,male
Ayan,977,male
Ayden,114,male
Aydin,825,male
Ayla,162,female
Ayleen,916,female
Aylin,461,female
Azalea,531,female
Azariah,700,male
Azariah,804,female
Aziel,951,male
Azrael,961,male
Bailee,693,female
Bailey,158,female
Baker,471,male
Banks,917,male
Barbara,946,female
Barrett,208,male
Baylee,663,female
Baylor,585,male
Bear,896,male
Beatrice,562,female
Beatrix,986,female
Beau,132,male
Beckett,215,male
Beckham,265,male
Belen,847,female
Bella,50,female
Bellamy,832,male
Belle,869,female
Ben,726,male
Benicio,887,male
Benjamin,7,male
Bennett,108,male
Benson,506,male
Bentlee,844,male
Bentley,130,male
Berkley,982,female
Bethany,560,female
Bexley,949,female
Bianca,452,female
Billy,891,male
Bjorn,868,male
Blaine,874,male
Blair,404,female
Blaire,730,female
Blaise,925,male
Blake,183,male
Blake,222,female
Blakely,182,female
Blaze,910,male
Blessing,917,female
Bo,565,male
Bobby,883,male
Bode,964,male
Boden,927,male
Bodhi,299,male
Bodie,676,male
Bonnie,652,female
Boone,657,male
Boston,606,male
Bowen,432,male
Braden,667,male
Bradley,254,male
Brady,273,male
Braelyn,636,female
Braelynn,456,female
Brandon,140,male
Branson,812,male
Brantley,225,male
Braxton,126,male
Brayan,833,male
Brayden,101,male
Braydon,968,male
Braylee,837,female
Braylen,502,male
Braylon,609,male
Brecken,787,male
Brendan,639,male
Brennan,720,male
Brentley,962,male
Brett,820,male
Bria,738,female
Brian,247,male
Briana,561,female
Brianna,147,female
Briar,773,male
Briar,580,female
Bridger,907,male
Bridget,740,female
Briella,306,female
Brielle,101,female
Briggs,515,male
Brinley,385,female
Bristol,390,female
Brittany,845,female
Brixton,718,male
Brock,601,male
Brodie,869,male
Brody,171,male
Bronson,784,male
Brooke,211,female
Brooklyn,52,female
Brooklynn,261,female
Brooks,109,male
Bruce,472,male
Bruno,714,male
Bryan,255,male
Bryant,828,male
Bryce,203,male
Brycen,534,male
Brylee,745,female
Brynlee,187,female
Brynn,307,female
Bryson,102,male
Byron,709,male
Cade,397,male
Caden,249,male
Cadence,549,female
Caiden,353,male
Cain,805,male
Cairo,344,male
Caleb,52,male
Cali,274,female
Callahan,892,male
Callan,530,male
Callen,548,male
Callie,180,female
Calliope,705,female
Callum,448,male
Calum,918,male
Calvin,145,male
Camden,159,male
Cameron,67,male
Cameron,544,female
Camila,15,female
Camilla,271,female
Camille,258,female
Camilo,862,male
Camryn,400,female
Canaan,845,male
Cannon,507,male
Carl,754,male
Carlos,134,male
Carly,567,female
Carmelo,706,male
Carmen,427,female
Carolina,417,female
Caroline,61,female
Carolyn,940,female
Carson,82,male
Carter,30,male
Carter,513,female
Case,546,male
Casen,721,male
Casey,527,male
Casey,897,female
Cash,280,male
Cason,591,male
Caspian,791,male
Cassandra,612,female
Cassidy,366,female
Cassius,518,male
Castiel,724,male
Cataleya,410,female
Catalina,189,female
Catherine,243,female
Cayden,266,male
Cayson,660,male
Cecelia,546,female
Cecilia,153,female
Celeste,374,female
Celia,863,female
Celine,490,female
Cesar,331,male
Chaim,710,male
Chana,791,female
Chance,285,male
Chandler,582,male
Chandler,925,female
Chanel,781,female
Charlee,284,female
Charleigh,430,female
Charles,51,male
Charley,551,female
Charli,520,female
Charlie,211,male
Charlie,132,female
Charlotte,6,female
Chase,121,male
Chaya,664,female
Chelsea,545,female
Cheyenne,500,female
Chloe,24,female
Chris,566,male
Christian,57,male
Christina,523,female
Christine,922,female
Christopher,44,male
Claire,55,female
Clara,95,female
Clare,800,female
Clarissa,744,female
Clark,387,male
Clay,681,male
Clayton,274,male
Clementine,686,female
Cleo,967,female
Clyde,777,male
Cody,284,male
Cohen,300,male
Colby,610,male
Cole,122,male
Colette,496,female
Colin,260,male
Collin,383,male
Collins,406,female
Colson,455,male
Colt,210,male
Colten,695,male
Colter,974,male
Colton,59,male
Conner,373,male
Connor,68,male
Conor,408,male
Conrad,523,male
Cooper,80,male
Cora,71,female
Coraline,626,female
Corbin,289,male
Corey,492,male
Corinne,888,female
Cory,898,male
Creed,855,male
Crew,339,male
Cristian,305,male
Crosby,780,male
Cruz,306,male
Crystal,773,female
Cullen,650,male
Curtis,668,male
Cynthia,748,female
Cyrus,412,male
Dahlia,372,female
Daisy,164,female
Dakari,893,male
Dakota,347,male
Dakota,257,female
Dalary,850,female
Daleyza,345,female
Dallas,283,male
Dallas,594,female
Dalton,446,male
Damari,842,male
Damian,111,male
Damien,282,male
Damon,459,male
Dana,947,female
Dane,879,male
Dangelo,921,male
Dani,864,female
Daniel,15,male
Daniela,217,female
Daniella,402,female
Danielle,431,female
Danna,505,female
Danny,522,male
Dante,308,male
Daphne,432,female
Darian,942,male
Dariel,652,male
Dario,937,male
Darius,570,male
Darren,687,male
Darwin,952,male
Dash,750,male
David,27,male
Davina,746,female
Davion,975,male
Davis,537,male
Dawson,202,male
Dax,410,male
Daxton,279,male
Dayana,583,female
Dayton,919,male
Deacon,508,male
Dean,174,male
Deandre,703,male
Deborah,898,female
Declan,95,male
Delaney,285,female
Delilah,88,female
Della,805,female
Demetrius,808,male
Demi,386,female
Dennis,552,male
Denver,637,male
Denver,889,female
Derek,304,male
Derrick,493,male
Desmond,369,male
Destiny,309,female
Devin,359,male
Devon,712,male
Dexter,464,male
Dhruv,997,male
Diana,212,female
Diego,129,male
Dilan,978,male
Dillon,640,male
Dior,607,female
Dixie,1000,female
Dominic,85,male
Dominick,433,male
Dominik,877,male
Donald,553,male
Donovan,352,male
Dorian,509,male
Dorothy,563,female
Douglas,682,male
Drake,571,male
Dream,527,female
Drew,519,male
Duke,542,male
Dulce,877,female
Dustin,575,male
Dylan,39,male
Dylan,437,female
Easton,74,male
Eddie,743,male
Eden,469,male
Eden,145,female
Edgar,384,male
Edison,594,male
Edith,501,female
Eduardo,315,male
Edward,192,male
Edwin,348,male
Egypt,915,female
Eileen,697,female
Eithan,849,male
Elaina,279,female
Elaine,555,female
Eleanor,27,female
Elena,60,female
Eli,62,male
Elian,366,male
Eliana,62,female
Elianna,471,female
Elias,60,male
Eliel,664,male
Elijah,5,male
Elina,918,female
Elisa,439,female
Elisabeth,909,female
Elise,207,female
Eliseo,836,male
Elisha,751,male
Eliza,119,female
Elizabeth,14,female
Ella,13,female
Elle,356,female
Ellen,797,female
Elliana,146,female
Ellianna,786,female
Ellie,35,female
Elliot,173,male
Elliot,596,female
Elliott,160,male
Elliott,462,female
Ellis,342,male
Ellis,719,female
Ellison,839,female
Elodie,862,female
Eloise,151,female
Elora,834,female
Elsa,787,female
Elsie,247,female
Elyse,728,female
Emani,955,female
Emanuel,416,male
Ember,193,female
Emberly,550,female
Emelia,443,female
Emely,426,female
Emerald,969,female
Emerie,637,female
Emerson,268,male
Emerson,152,female
Emersyn,148,female
Emery,736,male
Emery,93,female
Emilee,975,female
Emilia,42,female
Emiliano,175,male
Emilio,240,male
Emily,12,female
Emir,922,male
Emma,2,female
Emmaline,926,female
Emmalyn,571,female
Emmalynn,905,female
Emmanuel,163,male
Emmeline,767,female
Emmett,105,male
Emmie,617,female
Emmitt,500,male
Emmy,489,female
Emory,801,male
Emory,480,female
Enoch,778,male
Enrique,480,male
Ensley,669,female
Enzo,218,male
Ephraim,979,male
Eric,176,male
Erick,277,male
Erik,385,male
Erika,901,female
Erin,484,female
Ermias,540,male
Ernesto,772,male
Esme,433,female
Esmeralda,379,female
Esperanza,966,female
Esteban,445,male
Estella,782,female
Estelle,790,female
Esther,167,female
Estrella,795,female
Ethan,10,male
Eugene,785,male
Eva,84,female
Evan,96,male
Evangeline,275,female
Eve,485,female
Evelyn,10,female
Evelynn,311,female
Everett,94,male
Everlee,377,female
Everleigh,108,female
Everly,43,female
Evie,329,female
Ezekiel,71,male
Ezequiel,394,male
Ezra,49,male
Ezra,835,female
Fabian,393,male
Faith,125,female
Fallon,959,female
Fatima,325,female
Faye,698,female
Felicity,361,female
Felipe,810,male
Felix,222,male
Fernanda,492,female
Fernando,316,male
Finley,287,male
Finley,188,female
Finn,172,male
Finnegan,430,male
Finnley,597,male
Fiona,265,female
Fisher,782,male
Fletcher,622,male
Flora,936,female
Florence,934,female
Flynn,716,male
Ford,561,male
Forest,911,male
Forrest,491,male
Foster,945,male
Fox,899,male
Frances,438,female
Francesca,491,female
Francis,482,male
Francisco,275,male
Franco,848,male
Frank,403,male
Frankie,743,female
Franklin,422,male
Frederick,475,male
Freya,200,female
Freyja,990,female
Frida,729,female
Gabriel,37,male
Gabriela,334,female
Gabriella,76,female
Gabrielle,343,female
Gael,133,male
Gage,413,male
Galilea,675,female
Garrett,345,male
Gary,774,male
Gatlin,846,male
Gavin,127,male
Gemma,198,female
Genesis,912,male
Genesis,58,female
Genevieve,168,female
George,119,male
Georgia,205,female
Gerald,894,male
Gerardo,577,male
Gia,412,female
Giana,976,female
Gianna,78,female
Gianni,447,male
Gideon,320,male
Giovanna,831,female
Giovanni,142,male
Giselle,328,female
Giuliana,725,female
Gloria,556,female
Gordon,837,male
Grace,28,female
Gracelyn,335,female
Gracelynn,355,female
Gracie,220,female
Grady,411,male
Graham,180,male
Grant,197,male
Graysen,813,male
Grayson,33,male
Gregory,390,male
Greta,635,female
Grey,727,male
Greyson,79,male
Griffin,232,male
Guadalupe,855,female
Guillermo,744,male
Gunnar,498,male
Gunner,294,male
Gustavo,600,male
Gwen,832,female
Gwendolyn,370,female
Hadassah,672,female
Hadlee,906,female
Hadleigh,994,female
Hadley,112,female
Hailee,956,female
Hailey,75,female
Haisley,756,female
Haley,453,female
Halle,822,female
Hallie,398,female
Halo,962,female
Hamza,651,male
Hana,820,female
Hank,458,male
Hanna,539,female
Hannah,32,female
Harlan,818,male
Harlee,727,female
Harleigh,928,female
Harlem,900,male
Harley,809,male
Harley,273,female
Harlow,317,female
Harmoni,723,female
Harmony,169,female
Harold,816,male
Harper,9,female
Harriet,983,female
Harrison,112,male
Harry,647,male
Harvey,404,male
Hassan,748,male
Hattie,451,female
Haven,312,female
Hayden,189,male
Hayden,294,female
Hayes,296,male
Haylee,708,female
Hayley,694,female
Hazel,33,female
Heath,948,male
Heaven,423,female
Heavenly,907,female
Hector,341,male
Heidi,373,female
Helen,429,female
Helena,478,female
Hendrix,303,male
Henley,600,female
Henrik,931,male
Henry,12,male
Hezekiah,631,male
Holden,251,male
Holland,737,female
Holly,479,female
Hope,230,female
Houston,686,male
Howard,986,male
Hudson,50,male
Hugh,795,male
Hugo,460,male
Hunter,66,male
Hunter,865,female
Huxley,588,male
Ian,81,male
Ibrahim,381,male
Idris,850,male
Ignacio,989,male
Iker,337,male
Iliana,833,female
Imani,521,female
India,931,female
Indie,866,female
Ingrid,973,female
Ira,875,male
Irene,633,female
Iris,129,female
Isaac,34,male
Isabel,135,female
Isabela,783,female
Isabella,5,female
Isabelle,117,female
Isaiah,53,male
Isaias,494,male
Ishaan,792,male
Isla,57,female
Ismael,365,male
Israel,234,male
Issac,621,male
Itzayana,788,female
Itzel,530,female
Ivan,139,male
Ivanna,573,female
Ivory,572,female
Ivy,68,female
Izabella,314,female
Izaiah,555,male
Jabari,897,male
Jace,93,male
Jack,19,male
Jackson,17,male
Jacob,13,male
Jacoby,871,male
Jacqueline,382,female
Jad,987,male
Jada,469,female
Jade,104,female
Jaden,267,male
Jadiel,783,male
Jaelyn,970,female
Jaelynn,923,female
Jagger,666,male
Jaiden,360,male
Jaime,541,male
Jair,992,male
Jairo,885,male
Jakari,901,male
Jake,295,male
Jakob,768,male
Jalen,533,male
Jaliyah,541,female
Jamal,860,male
Jamari,567,male
James,6,male
Jameson,77,male
Jamie,742,male
Jamie,574,female
Jamir,627,male
Jamison,435,male
Jane,277,female
Janelle,552,female
Janiyah,689,female
Jared,361,male
Jase,440,male
Jasiah,550,male
Jasmine,131,female
Jason,104,male
Jasper,136,male
Javier,235,male
Javion,949,male
Jax,237,male
Jaxen,984,male
Jaxon,42,male
Jaxson,84,male
Jaxton,388,male
Jaxx,779,male
Jaxxon,752,male
Jay,374,male
Jayce,148,male
Jaycee,825,female
Jayceon,378,male
Jayda,577,female
Jayde,829,female
Jayden,35,male
Jayla,249,female
Jaylah,676,female
Jaylee,881,female
Jayleen,557,female
Jaylen,338,male
Jayson,513,male
Jaziel,648,male
Jazlyn,506,female
Jazmin,590,female
Jazmine,706,female
Jedidiah,728,male
Jefferson,738,male
Jeffery,902,male
Jeffrey,364,male
Jemma,565,female
Jenesis,902,female
Jenna,442,female
Jennifer,393,female
Jensen,286,male
Jeremiah,70,male
Jeremias,880,male
Jeremy,216,male
Jericho,950,male
Jermaine,994,male
Jerome,913,male
Jerry,677,male
Jesiah,988,male
Jesse,201,male
Jessica,331,female
Jessie,695,female
Jesus,152,male
Jett,288,male
Jewel,974,female
Jillian,784,female
Jimena,472,female
Jimmy,670,male
Joanna,254,female
Joaquin,333,male
Jocelyn,199,female
Joe,705,male
Joel,187,male
Joelle,703,female
Joey,776,male
Johan,578,male
Johanna,595,female
John,28,male
Johnathan,389,male
Johnny,377,male
Jolene,449,female
Jolie,711,female
Jon,756,male
Jonah,141,male
Jonas,453,male
Jonathan,64,male
Jordan,89,male
Jordan,407,female
Jordy,957,male
Jordyn,166,female
Jorge,264,male
Jose,92,male
Joseph,24,male
Josephine,89,female
Joshua,48,male
Josiah,45,male
Josie,155,female
Josue,259,male
Journee,206,female
Journey,251,female
Journi,758,female
Jovanni,965,male
Joy,346,female
Joyce,919,female
Joziah,692,male
Juan,138,male
Judah,190,male
Jude,153,male
Judith,821,female
Judson,861,male
Juelz,958,male
Julia,99,female
Julian,31,male
Juliana,175,female
Julianna,268,female
Julie,631,female
Julien,623,male
Juliet,270,female
Julieta,584,female
Juliette,178,female
Julio,526,male
Julissa,692,female
Julius,350,male
June,201,female
Junior,829,male
Juniper,195,female
Justice,598,male
Justice,578,female
Justin,155,male
Kabir,884,male
Kace,764,male
Kade,375,male
Kaden,244,male
Kai,100,male
Kai,807,female
Kaia,315,female
Kaiden,143,male
Kailani,350,female
Kailey,798,female
Kairi,685,female
Kairo,307,male
Kaiser,826,male
Kaisley,846,female
Kaison,495,male
Kaitlyn,444,female
Kaiya,995,female
Kalani,468,female
Kaleb,213,male
Kalel,932,male
Kali,241,female
Kaliyah,554,female
Kallie,785,female
Kamari,468,male
Kamari,860,female
Kamden,463,male
Kamdyn,969,male
Kameron,292,male
Kamila,235,female
Kamilah,803,female
Kamiyah,814,female
Kamryn,796,male
Kamryn,474,female
Kane,334,male
Kannon,586,male
Kara,575,female
Kareem,671,male
Karen,660,female
Karina,570,female
Karla,677,female
Karlee,971,female
Karson,270,male
Karsyn,602,female
Karter,164,male
Karter,759,female
Kase,689,male
Kasen,419,male
Kash,290,male
Kashton,421,male
Kason,362,male
Kassidy,645,female
Kataleya,870,female
Katalina,585,female
Kate,324,female
Katelyn,532,female
Katherine,121,female
Kathleen,941,female
Kathryn,486,female
Katie,459,female
Kaya,972,female
Kayden,97,male
Kaydence,629,female
Kayla,184,female
Kaylani,411,female
Kaylee,114,female
Kayleigh,488,female
Kaylie,836,female
Kaylin,991,female
Kaysen,579,male
Kayson,325,male
Keanu,630,male
Keaton,580,male
Keegan,429,male
Keenan,946,male
Kehlani,242,female
Keilani,853,female
Keily,942,female
Keira,357,female
Keith,554,male
Kellan,766,male
Kellen,770,male
Kelly,653,female
Kelsey,470,female
Kelvin,755,male
Kendall,272,female
Kendra,586,female
Kendrick,425,male
Kenia,867,female
Kenna,665,female
Kennedi,503,female
Kennedy,67,female
Kenneth,233,male
Kenny,863,male
Kensley,477,female
Kenzie,394,female
Kenzo,722,male
Kevin,149,male
Keyla,774,female
Khaleesi,582,female
Khalid,821,male
Khalil,302,male
Khari,790,male
Khloe,137,female
Kiaan,847,male
Kian,473,male
Kiana,943,female
Kiara,302,female
Kiera,891,female
Kieran,496,male
Killian,310,male
Kimber,599,female
Kimberly,194,female
Kimora,882,female
King,158,male
Kingsley,643,male
Kingston,117,male
Kinley,401,female
Kinslee,712,female
Kinsley,74,female
Kira,383,female
Knox,241,male
Koa,740,male
Kobe,558,male
Koda,641,male
Kody,834,male
Kohen,633,male
Kole,815,male
Kolten,928,male
Kolton,434,male
Kora,473,female
Korbin,690,male
Kori,742,female
Krew,851,male
Kristian,793,male
Kristopher,771,male
Kye,802,male
Kyla,463,female
Kylan,557,male
Kyle,262,male
Kylee,533,female
Kyleigh,768,female
Kylen,920,male
Kyler,236,male
Kylian,943,male
Kylie,124,female
Kylo,929,male
Kyng,881,male
Kynlee,699,female
Kyra,591,female
Kyree,603,male
Kyrie,231,male
Kyro,719,male
Kyson,443,male
Lacey,657,female
Lachlan,688,male
Laila,210,female
Lailah,963,female
Lainey,381,female
Lana,384,female
Lance,661,male
Landen,485,male
Landon,63,male
Landry,933,male
Landry,912,female
Landyn,563,male
Lane,258,male
Laney,696,female
Langston,678,male
Lara,701,female
Larry,757,male
Laura,337,female
Laurel,732,female
Lauren,202,female
Lauryn,642,female
Lawrence,536,male
Lawson,368,male
Layla,23,female
Laylah,823,female
Layne,683,male
Layton,576,male
Lea,726,female
Leah,44,female
Leandro,615,male
Leanna,856,female
Ledger,835,male
Lee,786,male
Legacy,830,male
Legacy,614,female
Legend,150,male
Leia,333,female
Leighton,691,male
Leighton,414,female
Leila,225,female
Leilani,107,female
Leland,414,male
Lena,267,female
Lennon,711,male
Lennon,388,female
Lennox,332,male
Lennox,716,female
Leo,40,male
Leon,209,male
Leona,511,female
Leonard,611,male
Leonardo,86,male
Leonel,343,male
Leonidas,483,male
Leroy,976,male
Leslie,534,female
Levi,25,male
Lewis,556,male
Lexi,336,female
Lexie,871,female
Leyla,710,female
Lia,283,female
Liam,1,male
Lian,827,male
Liana,466,female
Liberty,659,female
Lila,227,female
Lilah,286,female
Lilian,604,female
Liliana,109,female
Lilianna,808,female
Lilith,403,female
Lillian,37,female
Lilliana,316,female
Lillie,648,female
Lilly,192,female
Lily,34,female
Lilyana,775,female
Lina,722,female
Lincoln,41,male
Linda,776,female
Lindsey,954,female
Lionel,632,male
Lisa,957,female
Liv,667,female
Livia,761,female
Lochlan,704,male
Logan,16,male
Logan,321,female
Lola,248,female
London,838,male
London,165,female
Londyn,174,female
Lorelai,558,female
Lorelei,454,female
Lorenzo,146,male
Louie,811,male
Louis,248,male
Louisa,683,female
Louise,687,female
Luca,87,male
Lucas,8,male
Lucca,583,male
Lucia,159,female
Lucian,663,male
Luciana,396,female
Luciano,465,male
Lucille,296,female
Lucy,48,female
Luella,937,female
Luis,120,male
Luisa,997,female
Luka,219,male
Lukas,214,male
Luke,32,male
Luna,16,female
Luz,895,female
Lyanna,603,female
Lydia,94,female
Lyla,120,female
Lylah,638,female
Lyle,936,male
Lyra,673,female
Lyric,367,female
Mabel,440,female
Mac,870,male
Maci,380,female
Macie,481,female
Mack,584,male
Mackenzie,111,female
Macy,597,female
Madalyn,750,female
Madalynn,932,female
Madden,789,male
Maddison,435,female
Maddox,156,male
Madeleine,368,female
Madeline,97,female
Madelyn,72,female
Madelynn,458,female
Madilyn,319,female
Madilynn,535,female
Madison,26,female
Madisyn,754,female
Mae,548,female
Maeve,244,female
Magdalena,960,female
Maggie,295,female
Magnolia,240,female
Magnus,781,male
Maia,525,female
Maisie,347,female
Maison,944,male
Major,351,male
Makai,559,male
Makayla,263,female
Makenna,376,female
Makenzie,338,female
Malachi,161,male
Malakai,313,male
Malakhi,923,male
Malani,670,female
Malaya,671,female
Malayah,913,female
Malaysia,559,female
Malcolm,328,male
Maleah,688,female
Malia,262,female
Maliah,935,female
Malik,363,male
Maliyah,408,female
Mallory,553,female
Manuel,297,male
Mara,668,female
Marc,970,male
Marcel,760,male
Marcellus,934,male
Marcelo,573,male
Marco,379,male
Marcos,456,male
Marcus,221,male
Maren,514,female
Margaret,127,female
Margo,840,female
Margot,304,female
Maria,106,female
Mariah,276,female
Mariam,568,female
Mariana,266,female
Marianna,778,female
Marie,649,female
Marilyn,634,female
Marina,690,female
Mario,321,male
Marissa,878,female
Mark,223,male
Marlee,446,female
Marley,234,female
Marlon,853,male
Marquis,953,male
Marshall,367,male
Martha,796,female
Martin,281,male
Marvin,587,male
Mary,126,female
Maryam,522,female
Mason,9,male
Mateo,26,male
Mathew,669,male
Mathias,420,male
Matias,229,male
Matilda,447,female
Matteo,179,male
Matthew,23,male
Matthias,407,male
Maurice,737,male
Mauricio,592,male
Maverick,58,male
Mavis,838,female
Max,137,male
Maxim,985,male
Maximilian,503,male
Maximiliano,250,male
Maximo,739,male
Maximus,228,male
Maxine,799,female
Maxton,903,male
Maxwell,147,male
Maya,64,female
Mayson,971,male
Mckenna,289,female
Mckenzie,237,female
Mckinley,512,female
Meadow,497,female
Megan,609,female
Meghan,733,female
Meilani,879,female
Mekhi,732,male
Melanie,110,female
Melany,613,female
Melina,618,female
Melissa,339,female
Melody,118,female
Melvin,761,male
Memphis,431,male
Mercy,661,female
Meredith,579,female
Merrick,981,male
Messiah,193,male
Mia,8,female
Miah,872,female
Micah,110,male
Micah,950,female
Michael,14,male
Michaela,610,female
Michelle,292,female
Miguel,177,male
Mikaela,721,female
Mikayla,508,female
Mila,19,female
Milan,451,male
Milan,715,female
Milana,892,female
Milani,360,female
Milena,681,female
Miles,75,male
Miley,762,female
Miller,767,male
Millie,239,female
Milo,162,male
Mina,684,female
Mira,455,female
Miracle,369,female
Miranda,445,female
Miriam,287,female
Misael,822,male
Mitchell,699,male
Mohamed,476,male
Mohammad,569,male
Mohammed,655,male
Moises,452,male
Molly,161,female
Monica,640,female
Monroe,598,female
Mordechai,806,male
Morgan,730,male
Morgan,176,female
Moses,511,male
Moshe,524,male
Muhammad,336,male
Musa,797,male
Mustafa,993,male
Mya,221,female
Myah,920,female
Myla,300,female
Mylah,841,female
Myles,144,male
Mylo,954,male
Myra,536,female
Nadia,415,female
Nala,678,female
Nalani,639,female
Nancy,904,female
Naomi,59,female
Nash,253,male
Nasir,357,male
Natalia,103,female
Natalie,41,female
Nataly,886,female
Natasha,880,female
Nathalie,890,female
Nathan,55,male
Nathanael,713,male
Nathaniel,123,male
Navy,811,female
Nayeli,434,female
Nehemiah,371,male
Neil,636,male
Nellie,868,female
Nelson,656,male
Nevaeh,90,female
Nia,498,female
Nicholas,78,male
Nico,355,male
Nicolas,182,male
Nicole,228,female
Niklaus,972,male
Niko,417,male
Nikolai,517,male
Nikolas,605,male
Nina,320,female
Nixon,589,male
Noa,566,female
Noah,2,male
Noe,701,male
Noel,395,male
Noelle,223,female
Noemi,780,female
Nola,606,female
Nolan,65,male
Noor,929,female
Nora,29,female
Norah,144,female
Nova,864,male
Nova,51,female
Novah,914,female
Novalee,824,female
Nyla,259,female
Nylah,364,female
Oaklee,760,female
Oakleigh,854,female
Oakley,441,male
Oakley,348,female
Oaklyn,587,female
Oaklynn,502,female
Octavia,371,female
Odin,330,male
Olive,213,female
Oliver,3,male
Olivia,1,female
Omar,246,male
Omari,478,male
Onyx,745,male
Opal,679,female
Ophelia,387,female
Orion,312,male
Orlando,723,male
Oscar,205,male
Otis,707,male
Otto,427,male
Owen,21,male
Pablo,396,male
Paige,226,female
Paislee,362,female
Paisleigh,842,female
Paisley,53,female
Paityn,977,female
Palmer,460,female
Paloma,927,female
Paola,930,female
Paris,344,female
Parker,98,male
Parker,143,female
Patricia,938,female
Patrick,206,male
Paul,245,male
Paula,751,female
Paulina,828,female
Paxton,252,male
Payton,215,female
Pearl,734,female
Pedro,398,male
Penelope,22,female
Penny,770,female
Persephone,924,female
Peter,212,male
Peyton,439,male
Peyton,98,female
Philip,437,male
Phillip,505,male
Phoebe,291,female
Phoenix,257,male
Phoenix,313,female
Pierce,490,male
Piper,85,female
Poppy,495,female
Porter,479,male
Presley,204,female
Preston,217,male
Prince,298,male
Princess,769,female
Princeton,405,male
Priscilla,620,female
Promise,848,female
Queen,984,female
Quentin,593,male
Quincy,595,male
Quinn,402,male
Quinn,83,female
Quinton,674,male
Rachel,191,female
Raegan,218,female
Raelyn,342,female
Raelynn,113,female
Rafael,261,male
Raiden,382,male
Raina,792,female
Ramon,734,male
Ramona,818,female
Randy,708,male
Raphael,521,male
Raquel,883,female
Raul,514,male
Raven,425,female
Ray,741,male
Rayan,560,male
Rayden,725,male
Raylan,662,male
Raymond,329,male
Rayna,646,female
Rayne,739,female
Reagan,102,female
Rebecca,264,female
Rebekah,720,female
Reece,581,male
Reed,401,male
Reese,758,male
Reese,157,female
Regina,420,female
Reginald,882,male
Reid,291,male
Reign,769,male
Reign,389,female
Reina,627,female
Remi,908,male
Remi,154,female
Remington,227,male
Remington,375,female
Remy,423,male
Remy,538,female
Renata,487,female
Rene,938,male
Renee,980,female
Reuben,914,male
Rex,653,male
Rey,798,male
Reyansh,803,male
Reyna,615,female
Rhea,704,female
Rhett,165,male
Rhys,442,male
Ricardo,326,male
Richard,198,male
Ricky,658,male
Ridge,612,male
Riley,263,male
Riley,30,female
River,168,male
River,214,female
Rivka,747,female
Robert,76,male
Roberto,470,male
Robin,865,male
Robin,996,female
Rocco,499,male
Rocky,839,male
Rodney,854,male
Rodrigo,520,male
Roger,696,male
Rohan,753,male
Roland,531,male
Roman,73,male
Rome,1000,male
Romeo,346,male
Romina,647,female
Ronald,528,male
Ronan,269,male
Ronin,461,male
Ronnie,904,male
Rory,358,male
Rory,464,female
Rosa,650,female
Rosalee,933,female
Rosalie,208,female
Rosalyn,857,female
Rose,115,female
Roselyn,666,female
Rosemary,409,female
Rosie,564,female
Rowan,118,male
Rowan,229,female
Rowen,538,male
Roy,564,male
Royal,462,male
Royal,793,female
Royalty,340,female
Royce,392,male
Ruben,418,male
Ruby,66,female
Rudy,866,male
Russell,391,male
Ruth,231,female
Ryan,54,male
Ryan,399,female
Ryann,713,female
Ryder,116,male
Ryker,135,male
Rylan,324,male
Rylan,873,female
Ryland,535,male
Rylee,100,female
Ryleigh,138,female
Rylie,341,female
Sabrina,391,female
Sadie,87,female
Sage,449,male
Sage,280,female
Saige,651,female
Saint,735,male
Salem,924,male
Salem,752,female
Salma,910,female
Salvador,649,male
Salvatore,856,male
Sam,616,male
Samantha,80,female
Samara,326,female
Samir,693,male
Samira,992,female
Samson,574,male
Samuel,22,male
Sandra,987,female
Santana,659,male
Santiago,69,male
Santino,488,male
Santos,966,male
Saoirse,819,female
Sara,163,female
Sarah,81,female
Sarai,436,female
Sariah,985,female
Sariyah,771,female
Sasha,630,female
Saul,532,male
Savanna,622,female
Savannah,54,female
Sawyer,106,male
Sawyer,246,female
Saylor,308,female
Scarlet,378,female
Scarlett,21,female
Scarlette,884,female
Scott,529,male
Sean,301,male
Sebastian,18,male
Sekani,872,male
Selah,448,female
Selena,233,female
Selene,858,female
Serena,424,female
Serenity,79,female
Sergio,356,male
Seth,380,male
Seven,998,male
Sevyn,958,female
Shane,424,male
Shawn,426,male
Shelby,494,female
Shepherd,629,male
Shiloh,697,male
Shiloh,467,female
Siena,619,female
Sienna,181,female
Sierra,499,female
Silas,107,male
Simeon,973,male
Simon,256,male
Simone,714,female
Sincere,607,male
Sky,816,female
Skye,418,female
Skyla,581,female
Skylar,56,female
Skyler,504,male
Skyler,441,female
Sloan,623,female
Sloane,190,female
Sofia,17,female
Solomon,415,male
Sonny,644,male
Sophia,4,female
Sophie,86,female
Soren,551,male
Spencer,319,male
Stanley,680,male
Stefan,857,male
Stella,39,female
Stephanie,352,female
Stephen,311,male
Sterling,409,male
Stetson,543,male
Steven,200,male
Stevie,524,female
Stone,999,male
Sullivan,399,male
Summer,177,female
Sunny,794,female
Sutton,642,male
Sutton,416,female
Sydney,196,female
Sylas,619,male
Sylvia,515,female
Sylvie,874,female
Tadeo,729,male
Talia,332,female
Taliyah,993,female
Talon,702,male
Tanner,327,male
Tate,438,male
Tatiana,951,female
Tatum,489,male
Tatum,358,female
Taylor,599,male
Taylor,134,female
Teagan,185,female
Tenley,944,female
Teresa,801,female
Terrance,939,male
Terry,841,male
Tessa,260,female
Thaddeus,746,male
Thalia,830,female
Thatcher,799,male
Thea,293,female
Theo,195,male
Theodora,859,female
Theodore,36,male
Thiago,184,male
Thomas,47,male
Tiana,624,female
Tiffany,700,female
Timothy,188,male
Tinley,961,female
Tinsley,809,female
Titan,684,male
Titus,322,male
Tobias,272,male
Toby,959,male
Tomas,685,male
Tommy,698,male
Tony,590,male
Tori,899,female
Trace,775,male
Travis,323,male
Treasure,717,female
Trent,843,male
Trenton,547,male
Trevor,400,male
Trey,613,male
Trinity,179,female
Tripp,572,male
Tristan,151,male
Tristen,858,male
Tristian,963,male
Troy,386,male
Tru,926,male
Tucker,196,male
Turner,895,male
Ty,618,male
Tyler,128,male
Tyson,354,male
Ulises,831,male
Uriah,617,male
Uriel,454,male
Vada,893,female
Valentin,840,male
Valentina,65,female
Valentino,628,male
Valeria,141,female
Valerie,149,female
Valery,875,female
Van,867,male
Vance,888,male
Vanessa,269,female
Veda,851,female
Vera,252,female
Veronica,359,female
Vicente,717,male
Victor,186,male
Victoria,25,female
Vienna,755,female
Vihaan,626,male
Vincent,115,male
Vincenzo,765,male
Violet,36,female
Violeta,894,female
Virginia,537,female
Vivaan,873,male
Vivian,96,female
Viviana,421,female
Vivienne,301,female
Wade,335,male
Walker,230,male
Wallace,889,male
Walter,278,male
Warren,349,male
Watson,694,male
Waverly,815,female
Waylon,113,male
Wayne,747,male
Wells,624,male
Wes,982,male
Wesley,99,male
Wesson,915,male
Westin,823,male
Westley,794,male
Weston,103,male
Whitley,939,female
Whitney,887,female
Wilder,486,male
Will,983,male
Willa,354,female
William,4,male
Willow,46,female
Wilson,646,male
Winnie,812,female
Winston,370,male
Winter,327,female
Wren,428,female
Wyatt,29,male
Wynter,450,female
Xander,169,male
Xavier,91,male
Ximena,128,female
Xiomara,654,female
Xzavier,940,male
Yadiel,995,male
Yael,960,male
Yahir,804,male
Yahya,947,male
Yara,765,female
Yareli,724,female
Yaretzi,422,female
Yaritza,810,female
Yasmin,948,female
Yehuda,852,male
Yisroel,905,male
Yosef,675,male
Yousef,762,male
Yusuf,545,male
Zachariah,484,male
Zachary,124,male
Zahir,935,male
Zahra,593,female
Zaid,634,male
Zaiden,457,male
Zain,539,male
Zainab,900,female
Zaire,562,male
Zakai,906,male
Zander,276,male
Zane,239,male
Zaniyah,826,female
Zara,238,female
Zaria,749,female
Zariah,483,female
Zariyah,741,female
Zavier,890,male
Zayd,807,male
Zayden,194,male
Zaylee,735,female
Zayn,340,male
Zayne,406,male
Zechariah,824,male
Zeke,654,male
Zelda,662,female
Zendaya,998,female
Zion,154,male
Zoe,38,female
Zoey,31,female
Zoie,921,female
Zola,978,female
Zora,789,female
Zuri,278,female
Zyaire,525,male
Zyon,990,male
